Timestamp,geo:lat,geo:long,Value
2014-08-04T20:08:13.457+0530,77.6193366,13.0041602,76.69861012728707
2014-08-04T20:08:13.972+0530,77.6196086,13.0040965,79.1534800156089
2014-08-04T20:08:14.501+0530,77.6196086,13.0040965,76.21638539022784
2014-08-04T20:08:15.478+0530,77.61937781488616,13.004120841327595,75.163527162045
2014-08-04T20:08:15.991+0530,77.61937781488616,13.004120841327595,75.42742675528368
2014-08-04T20:08:16.991+0530,77.61937781488616,13.004120841327595,75.88426722982626
2014-08-04T20:08:17.502+0530,77.61937781488616,13.004120841327595,75.58222430408622
2014-08-04T20:08:18.477+0530,77.61937781488616,13.004120841327595,75.6162213848716
2014-08-04T20:08:19.041+0530,77.61937781488616,13.004120841327595,77.10260147827232
2014-08-04T20:08:19.998+0530,77.61937781488616,13.004120841327595,76.02288451840708
2014-08-04T20:08:20.530+0530,77.61937781488616,13.004120841327595,74.90081633595187
2014-08-04T20:08:21.490+0530,77.61937781488616,13.004120841327595,79.00994245481536
2014-08-04T20:08:22.012+0530,77.61937781488616,13.004120841327595,80.16442806951514
2014-08-04T20:08:22.615+0530,77.61937781488616,13.004120841327595,81.7952339788731
2014-08-04T20:08:23.567+0530,77.61937781488616,13.004120841327595,80.38363767266586
2014-08-04T20:08:24.092+0530,77.61937781488616,13.004120841327595,78.2770998224083
2014-08-04T20:08:25.066+0530,77.61937781488616,13.004120841327595,80.71208455545259
2014-08-04T20:08:25.579+0530,77.61937781488616,13.004120841327595,79.91876730663537
2014-08-04T20:08:26.558+0530,77.61937781488616,13.004120841327595,85.64900232575587
2014-08-04T20:08:27.060+0530,77.61952150750035,13.004121831252275,80.09156511907328
2014-08-04T20:08:28.036+0530,77.61952150750035,13.004121831252275,81.99844897410088
2014-08-04T20:08:28.584+0530,77.61952150750035,13.004121831252275,92.30194745634805
2014-08-04T20:08:29.549+0530,77.61952150750035,13.004121831252275,84.89052169566833
2014-08-04T20:08:30.062+0530,77.61952150750035,13.004121831252275,85.49147239721614
2014-08-04T20:08:31.039+0530,77.61952150750035,13.004121831252275,82.54581755567933
2014-08-04T20:08:31.546+0530,77.61952150750035,13.004121831252275,79.99606862109044
2014-08-04T20:08:32.523+0530,77.61952150750035,13.004121831252275,89.81996676816063
2014-08-04T20:08:33.043+0530,77.61952150750035,13.004121831252275,85.58836049287908
2014-08-04T20:08:33.595+0530,77.61952150750035,13.004121831252275,82.5176635123156
2014-08-04T20:08:34.569+0530,77.61952150750035,13.004121831252275,84.82316142494469
2014-08-04T20:08:35.091+0530,77.61952150750035,13.004121831252275,86.620478736358
2014-08-04T20:08:36.074+0530,77.61952150750035,13.004121831252275,81.31734142155732
2014-08-04T20:08:36.594+0530,77.61952150750035,13.004121831252275,82.05334233986946
2014-08-04T20:08:37.576+0530,77.61952150750035,13.004121831252275,82.99031390360818
2014-08-04T20:08:38.101+0530,77.61952150750035,13.004121831252275,84.00125086291199
2014-08-04T20:08:39.077+0530,77.61952150750035,13.004121831252275,82.91092050112272
2014-08-04T20:08:39.583+0530,77.61952150750035,13.004121831252275,82.05687318041429
2014-08-04T20:08:40.574+0530,77.61959696748963,13.004085684444016,87.82628139285615
2014-08-04T20:08:41.078+0530,77.61959696748963,13.004085684444016,87.95224435793205
2014-08-04T20:08:42.062+0530,77.61959696748963,13.004085684444016,83.82578905656206
2014-08-04T20:08:42.574+0530,77.61959696748963,13.004085684444016,79.29751326248797
2014-08-04T20:08:43.544+0530,77.61959762621143,13.004084017821452,78.26913989079276
2014-08-04T20:08:44.120+0530,77.61959762621143,13.004084017821452,81.58535240407537
2014-08-04T20:08:45.042+0530,77.61960413979644,13.004065833182725,77.56441063710814
2014-08-04T20:08:45.635+0530,77.61960413979644,13.004065833182725,80.2649638140133
2014-08-04T20:08:46.557+0530,77.61960347307128,13.004060177933509,81.77820463625812
2014-08-04T20:08:47.108+0530,77.61961859473676,13.004050137067749,84.41675834993
2014-08-04T20:08:48.054+0530,77.61961859473676,13.004050137067749,85.78544535520432
2014-08-04T20:08:48.596+0530,77.6196336764818,13.004041679886923,76.85654980112764
2014-08-04T20:08:49.536+0530,77.61964387686183,13.00403440905892,84.6461800041356
2014-08-04T20:08:50.076+0530,77.61965740875348,13.004020981132944,82.36828723594108
2014-08-04T20:08:51.017+0530,77.61965740875348,13.004020981132944,82.20196567282133
2014-08-04T20:08:51.557+0530,77.61966794080548,13.004014909825266,75.64209898042606
2014-08-04T20:08:52.501+0530,77.61967620793027,13.004006733788396,78.54053341405708
2014-08-04T20:08:53.507+0530,77.6196859445268,13.004000568991227,82.13854553055774
2014-08-04T20:08:54.516+0530,77.61969864699996,13.003993824891797,83.13601276832792
2014-08-04T20:08:55.040+0530,77.61969864699996,13.003993824891797,88.0839519736889
2014-08-04T20:08:56.012+0530,77.61972889424936,13.00399108168431,80.18720092854959
2014-08-04T20:08:56.532+0530,77.61972889424936,13.00399108168431,81.30152112269
2014-08-04T20:08:57.507+0530,77.61973600549327,13.003993547496027,87.47120324583939
2014-08-04T20:08:58.056+0530,77.61974822987027,13.003998741884347,83.2529770282175
2014-08-04T20:08:59.013+0530,77.61976205651789,13.004005919227563,85.90738363996762
2014-08-04T20:08:59.559+0530,77.61976205651789,13.004005919227563,79.50900752412511
2014-08-04T20:09:00.510+0530,77.6197740639794,13.004011919336985,79.95863580303123
2014-08-04T20:09:01.049+0530,77.6197813829028,13.004015086173034,85.30725411203366
2014-08-04T20:09:02.082+0530,77.61979246101794,13.00401489385718,85.76332837115197
2014-08-04T20:09:02.542+0530,77.61979246101794,13.00401489385718,82.25354181085265
2014-08-04T20:09:03.513+0530,77.61980195776411,13.004021223769355,81.69335511791175
2014-08-04T20:09:04.056+0530,77.61981326204508,13.004022920035277,80.54148879548518
2014-08-04T20:09:05.053+0530,77.61981326204508,13.004022920035277,81.35849199717185
2014-08-04T20:09:05.525+0530,77.61982594366093,13.00402240725752,80.21527821486538
2014-08-04T20:09:06.499+0530,77.61983320732033,13.004022889369748,80.73522998308593
2014-08-04T20:09:07.040+0530,77.61983320732033,13.004022889369748,75.19665532528646
2014-08-04T20:09:08.005+0530,77.61983913701482,13.00402082444716,81.03089487126478
2014-08-04T20:09:08.522+0530,77.61984384813567,13.004020812529582,73.54058913803374
2014-08-04T20:09:09.467+0530,77.61984444199143,13.004021361431796,82.40955262686379
2014-08-04T20:09:10.050+0530,77.61984890433091,13.004019706466147,85.2186077131127
2014-08-04T20:09:11.009+0530,77.61984890433091,13.004019706466147,79.44282213211476
2014-08-04T20:09:11.533+0530,77.6198560364202,13.004018892017292,77.66758641728747
2014-08-04T20:09:12.478+0530,77.61986267752742,13.004017818221136,84.45395857922644
2014-08-04T20:09:13.099+0530,77.61986267752742,13.004017818221136,81.86812051450646
2014-08-04T20:09:14.002+0530,77.61986850533876,13.004014837784544,85.19461809490446
2014-08-04T20:09:14.532+0530,77.6198730534688,13.004009594835479,81.62065468057017
2014-08-04T20:09:15.473+0530,77.61987301596969,13.004009547561001,83.04762703008433
2014-08-04T20:09:16.031+0530,77.6198747659842,13.004007183165031,84.03640534269198
2014-08-04T20:09:16.972+0530,77.61988114223396,13.004003290947894,82.12725054060812
2014-08-04T20:09:17.519+0530,77.61988114223396,13.004003290947894,81.62362669074226
2014-08-04T20:09:18.498+0530,77.61988438766072,13.003990770651967,80.52124182721619
2014-08-04T20:09:19.094+0530,77.61988438766072,13.003990770651967,82.25014972824252
2014-08-04T20:09:20.025+0530,77.61988433233027,13.003990713983326,79.83927033559387
2014-08-04T20:09:20.584+0530,77.61988433233027,13.003990713983326,77.14843279015315
2014-08-04T20:09:21.522+0530,77.61988433232601,13.003990713978979,81.66772393062828
2014-08-04T20:09:22.053+0530,77.61988323614075,13.00399075692541,78.32705542222378
2014-08-04T20:09:23.019+0530,77.61988587175793,13.003988185355103,81.80856150195248
2014-08-04T20:09:23.639+0530,77.61988587175793,13.003988185355103,83.10338918399003
2014-08-04T20:09:24.577+0530,77.61988029573838,13.003986741739126,80.52642129779915
2014-08-04T20:09:25.131+0530,77.61987698333245,13.003986139312936,81.91486960946
2014-08-04T20:09:26.100+0530,77.61987483658773,13.003984562059033,83.20084990565097
2014-08-04T20:09:26.654+0530,77.61987483658773,13.003984562059033,82.78488474625442
2014-08-04T20:09:27.605+0530,77.6198775185971,13.003982659245175,85.85631912518949
2014-08-04T20:09:28.125+0530,77.61988501328062,13.003979460613257,82.66812621504842
2014-08-04T20:09:29.093+0530,77.61989798355506,13.003974079566799,87.4085414081755
2014-08-04T20:09:29.654+0530,77.61989798355506,13.003974079566799,84.68310261374596
2014-08-04T20:09:30.586+0530,77.6199132115567,13.003969193607398,79.15620015728447
2014-08-04T20:09:31.147+0530,77.61992928227794,13.003963249800686,83.43980817625797
2014-08-04T20:09:32.100+0530,77.61992928227794,13.003963249800686,83.88019149719827
2014-08-04T20:09:32.628+0530,77.61994085475179,13.003958353237946,82.30978922787376
2014-08-04T20:09:33.653+0530,77.61995257362918,13.003952351603,87.64656418624145
2014-08-04T20:09:34.113+0530,77.61996582771198,13.003949120001849,81.14639079521254
2014-08-04T20:09:35.072+0530,77.61997397274116,13.003945636689366,79.89449402904576
2014-08-04T20:09:35.647+0530,77.61997397274116,13.003945636689366,80.03736144994951
2014-08-04T20:09:36.580+0530,77.61998045286184,13.003943102115494,81.04524010256594
2014-08-04T20:09:37.140+0530,77.61998879628325,13.003940057016912,80.43356862654079
2014-08-04T20:09:38.080+0530,77.61999312192974,13.003936452345577,82.22878997763591
2014-08-04T20:09:38.611+0530,77.61999312192974,13.003936452345577,86.11796685158197
2014-08-04T20:09:39.552+0530,77.61999895715807,13.003939637839776,85.34219828010565
2014-08-04T20:09:40.113+0530,77.62000217292386,13.003940286996492,83.0216939453926
2014-08-04T20:09:41.078+0530,77.62000806242742,13.003941927130223,85.46399294706241
2014-08-04T20:09:41.627+0530,77.62000806242742,13.003941927130223,87.70002888728447
2014-08-04T20:09:42.600+0530,77.62001114831634,13.00393905373235,82.12387132474342
2014-08-04T20:09:43.122+0530,77.62001285149604,13.003936495856381,83.01405474638304
2014-08-04T20:09:44.077+0530,77.6200205525475,13.003927417561455,80.44082079795635
2014-08-04T20:09:44.599+0530,77.6200205525475,13.003927417561455,80.04327418349797
2014-08-04T20:09:45.574+0530,77.6200282973081,13.003923345418622,78.5739659262923
2014-08-04T20:09:46.139+0530,77.62003583558054,13.003918869056108,75.22852759547985
2014-08-04T20:09:47.097+0530,77.62004516526669,13.003917263822823,80.28918583495783
2014-08-04T20:09:47.608+0530,77.62004516526669,13.003917263822823,76.00742349524899
2014-08-04T20:09:48.581+0530,77.62005182421537,13.003916247895742,77.34047816590086
2014-08-04T20:09:49.092+0530,77.62005847586494,13.003916104006992,83.12230032164828
2014-08-04T20:09:50.075+0530,77.62006436024849,13.003915977954861,75.81064646216922
2014-08-04T20:09:50.618+0530,77.62006436024849,13.003915977954861,71.40361435044585
2014-08-04T20:09:51.590+0530,77.62007298675677,13.003915245610536,78.66850814129386
2014-08-04T20:09:52.092+0530,77.62008188095226,13.003918630273612,80.46196344280109
2014-08-04T20:09:52.654+0530,77.62008188095226,13.003918630273612,78.84307609191832
2014-08-04T20:09:53.643+0530,77.62008783328983,13.00392247049778,78.41168526501997
2014-08-04T20:09:54.136+0530,77.62009761362792,13.003926243178196,77.35638070269877
2014-08-04T20:09:55.120+0530,77.62010736921603,13.003930703720394,79.95519399868093
2014-08-04T20:09:55.671+0530,77.62010736921603,13.003930703720394,77.00677346066655
2014-08-04T20:09:56.627+0530,77.62011643857787,13.003936231703946,79.07719994704152
2014-08-04T20:09:57.149+0530,77.62012908359381,13.00393967725075,78.43668902699626
2014-08-04T20:09:58.123+0530,77.62014568060567,13.003945820544741,82.63542720926765
2014-08-04T20:09:58.646+0530,77.62014568060567,13.003945820544741,78.99338096960572
2014-08-04T20:09:59.610+0530,77.62015894954858,13.003947729301577,78.71661437336783
2014-08-04T20:10:00.177+0530,77.62017131429062,13.003950608971707,73.70618445702425
2014-08-04T20:10:01.136+0530,77.6201830847854,13.00395387814313,79.53130611640425
2014-08-04T20:10:01.692+0530,77.6201830847854,13.00395387814313,78.90071235954228
2014-08-04T20:10:02.640+0530,77.62019061672832,13.003959748488004,80.34410392180448
2014-08-04T20:10:03.156+0530,77.6201969394918,13.003967868225168,82.77182143720658
2014-08-04T20:10:03.749+0530,77.6201969394918,13.003967868225168,84.71088644417189
2014-08-04T20:10:04.719+0530,77.62020433174254,13.003976936681292,78.25568240652254
2014-08-04T20:10:05.245+0530,77.62020433174254,13.003976936681292,77.59334149887545
2014-08-04T20:10:06.199+0530,77.62021391508857,13.003994670378328,80.70660025647234
2014-08-04T20:10:06.706+0530,77.62021391508857,13.003994670378328,80.5865448256646
2014-08-04T20:10:07.674+0530,77.62021770141443,13.004003355047034,75.43855153921723
2014-08-04T20:10:08.196+0530,77.62022070272874,13.004012124709893,80.18574958024429
2014-08-04T20:10:09.170+0530,77.62022070272874,13.004012124709893,88.12027077922588
2014-08-04T20:10:09.690+0530,77.62022289128313,13.00401688214225,75.96298124703642
2014-08-04T20:10:10.662+0530,77.6202246653911,13.00402486474373,84.20791734211771
2014-08-04T20:10:11.179+0530,77.62022528967842,13.004034533088552,76.41493910875165
2014-08-04T20:10:12.154+0530,77.62022528967842,13.004034533088552,83.54631904451878
2014-08-04T20:10:12.712+0530,77.6202264367155,13.004039516112774,79.54769956168629
2014-08-04T20:10:13.669+0530,77.62023131278161,13.004046331364895,79.36425184180196
2014-08-04T20:10:14.180+0530,77.6202371037543,13.004052835627581,79.5792451981169
2014-08-04T20:10:14.744+0530,77.6202371037543,13.004052835627581,78.34630303336806
2014-08-04T20:10:15.716+0530,77.62023660685584,13.004066659969792,74.43739210748832
2014-08-04T20:10:16.248+0530,77.62023719893294,13.004079962753655,78.99889937760054
2014-08-04T20:10:17.230+0530,77.6202374950913,13.004090176287843,81.0797588315508
2014-08-04T20:10:17.736+0530,77.6202374950913,13.004090176287843,76.51268676054747
2014-08-04T20:10:18.722+0530,77.62024014872193,13.004103521888888,80.98744320497188
2014-08-04T20:10:19.238+0530,77.62024529225238,13.004116787573778,85.859827387263
2014-08-04T20:10:20.209+0530,77.62025076677874,13.00412763501072,76.99335224681778
2014-08-04T20:10:20.739+0530,77.62025076677874,13.00412763501072,81.47376295612318
2014-08-04T20:10:21.713+0530,77.6202576642237,13.004139247550698,79.93144024690335
2014-08-04T20:10:22.269+0530,77.62026056567916,13.004148632438259,73.88974068822648
2014-08-04T20:10:23.208+0530,77.62026237898377,13.004158922564727,80.41561504125559
2014-08-04T20:10:23.732+0530,77.62026237898377,13.004158922564727,76.77492663125832
2014-08-04T20:10:24.694+0530,77.62026301178062,13.004170099375829,85.39351280305416
2014-08-04T20:10:25.213+0530,77.62026433975241,13.004181075174158,81.67371589422845
2014-08-04T20:10:25.776+0530,77.62026433975241,13.004181075174158,80.10243884246103
2014-08-04T20:10:26.761+0530,77.62026762082009,13.004189528577268,82.16293022406899
2014-08-04T20:10:27.275+0530,77.6202714336362,13.004198634146551,78.32075434491742
2014-08-04T20:10:28.252+0530,77.6202773793332,13.004207304951777,76.87012620942156
2014-08-04T20:10:28.812+0530,77.6202773793332,13.004207304951777,80.10839948103798
2014-08-04T20:10:29.764+0530,77.62028445497059,13.004216559933894,80.79581955239263
2014-08-04T20:10:30.294+0530,77.62029466275177,13.004222916732422,84.14886419009444
2014-08-04T20:10:31.278+0530,77.6203023792845,13.00422953520713,82.05564843913909
2014-08-04T20:10:31.804+0530,77.6203023792845,13.00422953520713,80.17066123242118
2014-08-04T20:10:32.790+0530,77.62031148425065,13.004236801749105,82.92979602938097
2014-08-04T20:10:33.301+0530,77.6203197946833,13.00424694479958,79.18115284852557
2014-08-04T20:10:34.278+0530,77.6203197946833,13.00424694479958,80.80560877374066
2014-08-04T20:10:34.790+0530,77.62032492161357,13.00425708615013,84.32450724294978
2014-08-04T20:10:35.760+0530,77.62032263626301,13.004268351894845,82.58516753326906
2014-08-04T20:10:36.275+0530,77.62032263626301,13.004268351894845,83.2080300830531
2014-08-04T20:10:37.217+0530,77.6203126944582,13.004296747215061,84.37424193249308
2014-08-04T20:10:37.767+0530,77.6203126944582,13.004296747215061,78.92016788227576
2014-08-04T20:10:38.717+0530,77.62030606329374,13.00430832668564,77.61405767005922
2014-08-04T20:10:39.268+0530,77.62030142220401,13.00431262850591,79.29412970578528
2014-08-04T20:10:40.217+0530,77.62030142220401,13.00431262850591,82.99651218922321
2014-08-04T20:10:40.813+0530,77.62029786506922,13.004316813732235,78.3965062205365
2014-08-04T20:10:41.730+0530,77.62029504011664,13.004320966322727,80.20116542029854
2014-08-04T20:10:42.285+0530,77.62029248595171,13.004325161091975,77.91678635698929
2014-08-04T20:10:43.231+0530,77.62029248595171,13.004325161091975,82.25888013797584
2014-08-04T20:10:43.773+0530,77.62029020132354,13.004329659873319,83.85591550984475
2014-08-04T20:10:44.725+0530,77.62028822127893,13.004334274159442,82.48282008256191
2014-08-04T20:10:45.261+0530,77.62028639797259,13.004339186153464,76.97802808499458
2014-08-04T20:10:46.208+0530,77.62028497374172,13.00434426384904,79.22197585592886
2014-08-04T20:10:46.790+0530,77.62028497374172,13.00434426384904,84.20067140134987
2014-08-04T20:10:47.737+0530,77.62028359736985,13.004349539728965,80.41003991765531
2014-08-04T20:10:48.253+0530,77.62028278752716,13.004354481700476,77.91136451004493
2014-08-04T20:10:49.232+0530,77.62028211810494,13.004359593003521,80.12700710230001
2014-08-04T20:10:49.785+0530,77.62028211810494,13.004359593003521,80.6672209504176
2014-08-04T20:10:50.734+0530,77.62028427669938,13.004380472308723,77.32426044515489
2014-08-04T20:10:51.256+0530,77.62028911413017,13.00440570010136,82.42507604486138
2014-08-04T20:10:52.238+0530,77.62029260535236,13.004414705014776,81.26403945944449
2014-08-04T20:10:52.746+0530,77.62029260535236,13.004414705014776,81.09984125458098
2014-08-04T20:10:53.713+0530,77.620295574984,13.004422517218593,80.98653722790891
2014-08-04T20:10:54.227+0530,77.620295574984,13.004422517218593,75.00644101565445
2014-08-04T20:10:55.215+0530,77.620295574984,13.004422517218593,79.72015374194187
2014-08-04T20:10:55.729+0530,77.620295574984,13.004422517218593,83.84865527671157
2014-08-04T20:10:56.713+0530,77.620295574984,13.004422517218593,77.97420462292827
2014-08-04T20:10:57.215+0530,77.620295574984,13.004422517218593,76.79110172685354
2014-08-04T20:10:58.194+0530,77.62029774376343,13.004434714650673,82.14506864373192
2014-08-04T20:10:58.710+0530,77.62029774376343,13.004434714650673,75.88421775962179
2014-08-04T20:10:59.653+0530,77.62029954032857,13.004443891688489,77.50738755287014
2014-08-04T20:11:00.197+0530,77.62029954032857,13.004443891688489,85.55977547375218
2014-08-04T20:11:01.141+0530,77.62030126449123,13.004453115333948,77.7822017897261
2014-08-04T20:11:01.721+0530,77.62030126449123,13.004453115333948,78.36369423056553
2014-08-04T20:11:02.658+0530,77.62030126449123,13.004453115333948,82.71263606273752
2014-08-04T20:11:03.196+0530,77.62030289589612,13.004462427557609,77.66052902297517
2014-08-04T20:11:04.152+0530,77.62030420338257,13.004470358847165,86.51102284492322
2014-08-04T20:11:04.730+0530,77.62030420338257,13.004470358847165,91.24634085315273
2014-08-04T20:11:05.658+0530,77.6203057902533,13.004478275642981,81.78664430585934
2014-08-04T20:11:06.216+0530,77.62030775138652,13.004485026559756,79.34497544214958
2014-08-04T20:11:07.160+0530,77.62031045806579,13.004491056439997,81.68761105125533
2014-08-04T20:11:07.745+0530,77.62031045806579,13.004491056439997,79.25517671437123
2014-08-04T20:11:08.673+0530,77.62031379131344,13.0044964173228,83.23394293844444
2014-08-04T20:11:09.216+0530,77.62032432481125,13.004517653704964,88.63229934285744
2014-08-04T20:11:10.188+0530,77.62033720907462,13.0045349581237,90.33574054557474
2014-08-04T20:11:10.710+0530,77.62033720907462,13.0045349581237,79.51879628814362
2014-08-04T20:11:11.693+0530,77.62034991017349,13.004550398466902,84.62117249470577
2014-08-04T20:11:12.206+0530,77.62036271739653,13.004564189691736,79.84811000604245
2014-08-04T20:11:13.180+0530,77.62037617640337,13.004576055655608,80.73253102086453
2014-08-04T20:11:13.744+0530,77.62037617640337,13.004576055655608,81.39870451727637
2014-08-04T20:11:14.712+0530,77.62038970638797,13.004588257115598,81.04879536612842
2014-08-04T20:11:15.227+0530,77.6204037612803,13.004600111282741,79.02972169483711
2014-08-04T20:11:16.191+0530,77.62042106712073,13.004615086418243,83.00179020682624
2014-08-04T20:11:16.716+0530,77.62042106712073,13.004615086418243,76.97497074862511
2014-08-04T20:11:17.688+0530,77.62043916851997,13.00462824148723,78.44755010918635
2014-08-04T20:11:18.202+0530,77.62045148471489,13.004638348735272,83.38981232828411
2014-08-04T20:11:19.178+0530,77.62046399805038,13.004662286053048,79.75691181798743
2014-08-04T20:11:19.697+0530,77.62046399805038,13.004662286053048,79.42476679873673
2014-08-04T20:11:20.674+0530,77.62047481675393,13.004684767409927,77.63358364253179
2014-08-04T20:11:21.207+0530,77.620476537814,13.004697170471145,74.81805696152429
2014-08-04T20:11:22.156+0530,77.62047768202976,13.004710308239913,78.04703864649953
2014-08-04T20:11:23.127+0530,77.62047768202976,13.004710308239913,81.0602961481639
2014-08-04T20:11:23.650+0530,77.62047831709715,13.004723049893958,75.92230414964651
2014-08-04T20:11:24.611+0530,77.62048232236322,13.004738303356017,77.29723690250762
2014-08-04T20:11:25.144+0530,77.62049897841631,13.004756706028855,80.64999937699426
2014-08-04T20:11:26.113+0530,77.620510441318,13.004770302055627,77.27124785971054
2014-08-04T20:11:26.720+0530,77.620510441318,13.004770302055627,79.96519410117155
2014-08-04T20:11:27.689+0530,77.62052089102879,13.004776022866894,80.95713021333306
2014-08-04T20:11:28.214+0530,77.62052938263034,13.004783329862569,74.95399806855887
2014-08-04T20:11:29.191+0530,77.62053944527452,13.004788546754357,79.32575918104475
2014-08-04T20:11:29.747+0530,77.62053944527452,13.004788546754357,71.13980254929972
2014-08-04T20:11:30.705+0530,77.62054763738558,13.004793421381759,80.89226565563052
2014-08-04T20:11:31.218+0530,77.62054986647567,13.00479610896593,76.77505367744396
2014-08-04T20:11:32.194+0530,77.62055129066869,13.004800259608238,77.43328422330885
2014-08-04T20:11:32.775+0530,77.62055129066869,13.004800259608238,76.815404299053
2014-08-04T20:11:33.683+0530,77.62055535482126,13.004809347403228,79.9135717186265
2014-08-04T20:11:34.222+0530,77.62057126823471,13.00481550128075,75.46023602705478
2014-08-04T20:11:35.166+0530,77.62057126823471,13.00481550128075,83.00441432752578
2014-08-04T20:11:35.704+0530,77.62058094327556,13.00482173530802,82.72191957388728
2014-08-04T20:11:36.657+0530,77.62058651478829,13.004825438489242,77.30190325298102
2014-08-04T20:11:37.193+0530,77.62059184365253,13.004830136449101,83.29620928726015
2014-08-04T20:11:38.238+0530,77.62059484679949,13.004837099637527,77.87034262278827
2014-08-04T20:11:38.791+0530,77.62059484679949,13.004837099637527,78.42861808933864
2014-08-04T20:11:39.740+0530,77.62059505184791,13.00484677995813,79.03600676904938
2014-08-04T20:11:40.286+0530,77.62059467248768,13.004855564689178,75.92005522973167
2014-08-04T20:11:41.226+0530,77.62059484346436,13.004864787448305,78.80334840513295
2014-08-04T20:11:41.832+0530,77.62059484346436,13.004864787448305,84.3430715404468
2014-08-04T20:11:42.755+0530,77.62059527527335,13.004874564381302,83.58129770149073
2014-08-04T20:11:43.296+0530,77.62059913420707,13.004881471147007,83.20720748591225
2014-08-04T20:11:44.279+0530,77.62060304190923,13.004889741531814,83.7383481629337
2014-08-04T20:11:44.849+0530,77.62060304190923,13.004889741531814,79.58097006151368
2014-08-04T20:11:45.814+0530,77.62060681144222,13.004895209233274,82.55817528075437
2014-08-04T20:11:46.321+0530,77.62061102084316,13.004896948836997,79.55679117689056
2014-08-04T20:11:47.295+0530,77.62061588078873,13.004900555270195,79.41103107067264
2014-08-04T20:11:47.866+0530,77.62061588078873,13.004900555270195,82.71127303556568
2014-08-04T20:11:48.830+0530,77.6206197676862,13.00490589085516,80.23505983679404
2014-08-04T20:11:49.334+0530,77.62062601691669,13.004913414695421,75.0213265289575
2014-08-04T20:11:50.314+0530,77.62062990840528,13.004922496391794,74.83607214692316
2014-08-04T20:11:50.881+0530,77.62062990840528,13.004922496391794,85.35269909449502
2014-08-04T20:11:51.874+0530,77.62063578628076,13.00493608699235,77.16646813875528
2014-08-04T20:11:52.374+0530,77.62063919755867,13.00494684132494,76.28940495501695
2014-08-04T20:11:53.351+0530,77.62063982564345,13.004958107248136,81.6651604117102
2014-08-04T20:11:53.879+0530,77.62063982564345,13.004958107248136,79.38072514434916
2014-08-04T20:11:54.860+0530,77.62064399770462,13.004965161848613,79.64801921712508
2014-08-04T20:11:55.367+0530,77.62064870663593,13.004970715062193,84.56093229915092
2014-08-04T20:11:56.317+0530,77.62065605857865,13.004975070250115,77.58331147079537
2014-08-04T20:11:56.999+0530,77.62065605857865,13.004975070250115,70.97839655977401
2014-08-04T20:11:58.134+0530,77.620666395658,13.004983163038045,80.81601592240227
2014-08-04T20:11:59.137+0530,77.62067636242527,13.004992371997632,81.66932967910438
2014-08-04T20:11:59.589+0530,77.62068527434465,13.005000058084486,74.24509054322303
2014-08-04T20:12:00.557+0530,77.62069040014177,13.00500677356043,78.39702559301736
2014-08-04T20:12:01.089+0530,77.62069532570942,13.005013058657704,84.36673332086055
2014-08-04T20:12:02.058+0530,77.62070227016592,13.005022137318008,79.07850768009195
2014-08-04T20:12:02.596+0530,77.62070227016592,13.005022137318008,74.89770349299889
2014-08-04T20:12:03.556+0530,77.62070956952554,13.005027895884364,79.86629763005166
2014-08-04T20:12:04.109+0530,77.62071909542988,13.005035587418183,81.56918530469194
2014-08-04T20:12:05.072+0530,77.62073415462511,13.00504803863992,78.96591352382006
2014-08-04T20:12:05.599+0530,77.62073415462511,13.00504803863992,78.0380717717353
2014-08-04T20:12:06.582+0530,77.62074926289804,13.005059232340939,81.87010561973551
2014-08-04T20:12:07.134+0530,77.62076226915836,13.005068796537318,80.85781118156305
2014-08-04T20:12:08.099+0530,77.62076904848392,13.005073976604278,86.04221847622127
2014-08-04T20:12:08.648+0530,77.62076904848392,13.005073976604278,78.78885217812267
2014-08-04T20:12:09.572+0530,77.62077536345129,13.005079278729424,80.97175822713803
2014-08-04T20:12:10.145+0530,77.62078429068869,13.00508620961954,80.984680546065
2014-08-04T20:12:11.088+0530,77.62078429068869,13.00508620961954,79.82309748090131
2014-08-04T20:12:11.624+0530,77.62079491985303,13.005094638430736,80.76016689488765
2014-08-04T20:12:12.577+0530,77.6208016997796,13.0051011863084,78.5163569931914
2014-08-04T20:12:13.116+0530,77.62080121253436,13.005107826995502,77.61611630803388
2014-08-04T20:12:14.072+0530,77.62080879348483,13.00511211367423,79.29476769076203
2014-08-04T20:12:14.605+0530,77.62080879348483,13.00511211367423,77.63496322927541
2014-08-04T20:12:15.553+0530,77.62081884830202,13.00512077811032,79.11027467796966
2014-08-04T20:12:16.091+0530,77.62082599308611,13.005125191956623,83.02787508489843
2014-08-04T20:12:17.032+0530,77.62083289961384,13.005130645620403,79.77997336948624
2014-08-04T20:12:17.613+0530,77.62083289961384,13.005130645620403,76.66135067582704
2014-08-04T20:12:18.600+0530,77.62084117171797,13.005140072869215,83.7087769101283
2014-08-04T20:12:19.220+0530,77.62084117171797,13.005140072869215,73.38977840358979
2014-08-04T20:12:20.176+0530,77.62084821347906,13.005145720925382,78.89417678151516
2014-08-04T20:12:20.689+0530,77.6208521866105,13.005142984850117,77.01453243944712
2014-08-04T20:12:21.652+0530,77.62085930382187,13.005139102158035,79.86766126730627
2014-08-04T20:12:22.163+0530,77.62086829958679,13.005137288577902,77.53271236600129
2014-08-04T20:12:23.132+0530,77.62087677728853,13.005135395760881,79.06727028828976
2014-08-04T20:12:23.637+0530,77.62087677728853,13.005135395760881,78.36804475485472
2014-08-04T20:12:24.602+0530,77.62088872330538,13.005132179438005,81.10428548763242
2014-08-04T20:12:25.131+0530,77.62089614560759,13.005131196616242,76.06376883160226
2014-08-04T20:12:26.091+0530,77.62090453998158,13.005131623555217,81.99429765989512
2014-08-04T20:12:27.077+0530,77.62091160996312,13.005123392836992,78.62393756258417
2014-08-04T20:12:27.660+0530,77.62091160996312,13.005123392836992,76.82799647504851
2014-08-04T20:12:28.593+0530,77.62091902407019,13.005123604326403,80.44673873153218
2014-08-04T20:12:29.132+0530,77.62092627745572,13.00512219397813,80.11588438854714
2014-08-04T20:12:30.108+0530,77.62092627745572,13.00512219397813,80.60403619147684
2014-08-04T20:12:30.619+0530,77.62093338692127,13.005117977714864,72.04761653295849
2014-08-04T20:12:31.596+0530,77.62094500440956,13.005113772056333,79.46240135486926
2014-08-04T20:12:32.120+0530,77.6209539311613,13.00510882514806,79.31923303660597
2014-08-04T20:12:33.092+0530,77.62096021670692,13.005100531244539,78.60606384473647
2014-08-04T20:12:33.655+0530,77.62096021670692,13.005100531244539,70.92986047463263
2014-08-04T20:12:34.606+0530,77.62096509578538,13.005097342033704,77.79725736555437
2014-08-04T20:12:35.142+0530,77.62097129911375,13.005092093807384,80.08903501314911
2014-08-04T20:12:36.106+0530,77.62097599120862,13.005089399730775,82.58768950037086
2014-08-04T20:12:36.643+0530,77.62097599120862,13.005089399730775,77.02507240230395
2014-08-04T20:12:37.593+0530,77.6209845670557,13.005083311579613,79.57760892098231
2014-08-04T20:12:38.118+0530,77.6209957383842,13.005075075294581,73.77459509914533
2014-08-04T20:12:39.098+0530,77.62100753912816,13.005067110731023,77.91513537233624
2014-08-04T20:12:39.650+0530,77.62100753912816,13.005067110731023,80.6611527691274
2014-08-04T20:12:40.594+0530,77.62101672762168,13.005059925562314,78.05915009236482
2014-08-04T20:12:41.114+0530,77.62102709739585,13.005052818394281,72.99098692811997
2014-08-04T20:12:41.713+0530,77.62102709739585,13.005052818394281,72.09283070074534
2014-08-04T20:12:42.673+0530,77.6210344097107,13.005049779434524,80.51606578886833
2014-08-04T20:12:43.197+0530,77.62104255697506,13.005046660506922,81.16012077461079
2014-08-04T20:12:44.211+0530,77.62104834562469,13.005044012056288,79.50494444334936
2014-08-04T20:12:44.772+0530,77.62104834562469,13.005044012056288,81.07887821480792
2014-08-04T20:12:45.730+0530,77.62105161259335,13.005043136489736,77.02833433859051
2014-08-04T20:12:46.246+0530,77.62105602938395,13.005040868243007,84.11461941199414
2014-08-04T20:12:47.224+0530,77.62106248369685,13.005038730360315,84.40286621568053
2014-08-04T20:12:47.773+0530,77.62106248369685,13.005038730360315,74.84938429707859
2014-08-04T20:12:48.745+0530,77.62106999471155,13.005036312635543,82.3420092710958
2014-08-04T20:12:49.241+0530,77.62107563626964,13.005037978031707,83.39093162119855
2014-08-04T20:12:50.220+0530,77.62107684835158,13.00503924444653,81.3231916560037
2014-08-04T20:12:50.737+0530,77.62107684835158,13.00503924444653,78.68546781110906
2014-08-04T20:12:51.707+0530,77.62108201182359,13.005042217130347,80.397919370985
2014-08-04T20:12:52.232+0530,77.62108713601489,13.00504551999004,87.30962235165136
2014-08-04T20:12:53.165+0530,77.62109519341196,13.005045863538124,80.72313308804783
2014-08-04T20:12:53.760+0530,77.62109519341196,13.005045863538124,81.96704511096428
2014-08-04T20:12:54.682+0530,77.6211001935802,13.005046142266242,78.76418429942836
2014-08-04T20:12:55.230+0530,77.62110655904054,13.005046352820118,74.02487106056657
2014-08-04T20:12:56.174+0530,77.62111457968246,13.005044397835883,83.92077159912645
2014-08-04T20:12:56.714+0530,77.62111457968246,13.005044397835883,75.01218672672226
2014-08-04T20:12:57.658+0530,77.62112229750835,13.005042131713218,74.85461759822005
2014-08-04T20:12:58.207+0530,77.62112967796119,13.005040143075323,83.56841234681305
2014-08-04T20:12:59.184+0530,77.62113704070717,13.005037386544965,80.1588000636738
2014-08-04T20:12:59.696+0530,77.62113704070717,13.005037386544965,80.65824542210882
2014-08-04T20:13:00.643+0530,77.6211433104617,13.005033971212164,79.70401911775924
2014-08-04T20:13:01.176+0530,77.62115484591007,13.005032660986346,76.74222767567932
2014-08-04T20:13:02.130+0530,77.62115860800411,13.005031336341458,78.62709304725291
2014-08-04T20:13:02.703+0530,77.62115860800411,13.005031336341458,80.62344879355223
2014-08-04T20:13:03.670+0530,77.62116763488035,13.005031274030172,79.8691328757601
2014-08-04T20:13:04.178+0530,77.62117478958814,13.005029080239389,68.42949302779624
2014-08-04T20:13:05.206+0530,77.62118170477898,13.005030221285148,76.42567656689374
2014-08-04T20:13:05.710+0530,77.62118170477898,13.005030221285148,73.42776881158736
2014-08-04T20:13:06.685+0530,77.62119080732484,13.005028011303246,74.36324163125519
2014-08-04T20:13:07.206+0530,77.62119921413077,13.005025748450793,82.77554627741502
2014-08-04T20:13:08.198+0530,77.6212101619474,13.005022161886135,79.05354984941374
2014-08-04T20:13:08.860+0530,77.6212101619474,13.005022161886135,78.9541819517863
2014-08-04T20:13:09.748+0530,77.62122055990623,13.005017710305257,80.08534941365059
2014-08-04T20:13:10.240+0530,77.62123300595051,13.005016887262146,72.58231644592149
2014-08-04T20:13:11.213+0530,77.62124084752124,13.005015938761833,74.8455079434828
2014-08-04T20:13:11.728+0530,77.62124084752124,13.005015938761833,78.0031218877871
2014-08-04T20:13:12.702+0530,77.6212555475606,13.005017098249159,78.84940204421507
2014-08-04T20:13:13.246+0530,77.62127353641642,13.00501856957887,75.09429320315044
2014-08-04T20:13:14.198+0530,77.62128417980881,13.005018187438619,79.56106183334022
2014-08-04T20:13:14.728+0530,77.62128417980881,13.005018187438619,74.37292344677911
2014-08-04T20:13:15.681+0530,77.6212940201137,13.005017177510265,79.07393713389075
2014-08-04T20:13:16.214+0530,77.62130784443453,13.005009552708417,82.50535535784566
2014-08-04T20:13:17.156+0530,77.62131548668383,13.005008460325248,77.59249186054215
2014-08-04T20:13:17.703+0530,77.62131548668383,13.005008460325248,71.49875471010719
2014-08-04T20:13:18.653+0530,77.62132339521088,13.005010197425422,79.69531280144957
2014-08-04T20:13:19.212+0530,77.62132888787404,13.005010206965668,78.80212191961473
2014-08-04T20:13:20.162+0530,77.62133961589265,13.005006113108688,78.06706741093602
2014-08-04T20:13:20.703+0530,77.62133961589265,13.005006113108688,81.49280206367892
2014-08-04T20:13:21.644+0530,77.62134630760235,13.00500137405103,80.25210426399417
2014-08-04T20:13:22.197+0530,77.6213580769603,13.004991719060158,81.15656412996992
2014-08-04T20:13:23.142+0530,77.62136785849101,13.004984759165918,80.08049934246588
2014-08-04T20:13:23.728+0530,77.62136785849101,13.004984759165918,83.46246685225648
2014-08-04T20:13:24.663+0530,77.62137674271946,13.004981459773374,79.83214815440489
2014-08-04T20:13:25.206+0530,77.62138677238737,13.004978390527427,76.84822687950822
2014-08-04T20:13:26.185+0530,77.6213944930842,13.004977236946292,78.89822690396078
2014-08-04T20:13:26.745+0530,77.6213944930842,13.004977236946292,79.27125863119326
2014-08-04T20:13:27.714+0530,77.62140161900616,13.00497326443281,79.18030226515992
2014-08-04T20:13:28.216+0530,77.62140161900616,13.00497326443281,74.32328040445955
2014-08-04T20:13:29.182+0530,77.62140921987391,13.00496848822706,81.06323548842094
2014-08-04T20:13:29.699+0530,77.6214153581676,13.004964268026738,74.50296964502178
2014-08-04T20:13:30.691+0530,77.6214245557095,13.004960324106097,77.67831934501207
2014-08-04T20:13:31.194+0530,77.62143339219595,13.004954958796139,77.87361828874401
2014-08-04T20:13:32.164+0530,77.62143930192794,13.004951094505529,81.18256215557228
2014-08-04T20:13:32.723+0530,77.62143930192794,13.004951094505529,76.42226261232348
2014-08-04T20:13:33.684+0530,77.62144506082777,13.004945776066135,78.52175044702511
2014-08-04T20:13:34.218+0530,77.62145760574604,13.004942097307344,73.72066770643858
2014-08-04T20:13:35.190+0530,77.6214677315914,13.004939923330628,76.41335696996296
2014-08-04T20:13:35.750+0530,77.6214677315914,13.004939923330628,79.05628056306301
2014-08-04T20:13:36.705+0530,77.62147825591377,13.004939530752281,74.01160660925296
2014-08-04T20:13:37.221+0530,77.62148778367848,13.004938304296203,74.14344978042178
2014-08-04T20:13:38.167+0530,77.62149782717503,13.004937245604753,78.0644564607812
2014-08-04T20:13:38.767+0530,77.62149782717503,13.004937245604753,72.03654899324364
2014-08-04T20:13:39.693+0530,77.62151296780236,13.004935895708813,79.77987510500776
2014-08-04T20:13:40.220+0530,77.62152464259005,13.0049339886397,75.58247001679266
2014-08-04T20:13:41.165+0530,77.62153452113749,13.004925839898528,80.0144631129278
2014-08-04T20:13:41.767+0530,77.62153452113749,13.004925839898528,75.07471622414009
2014-08-04T20:13:42.697+0530,77.62154629616384,13.004919818848766,79.91747947783452
2014-08-04T20:13:43.232+0530,77.62155761170345,13.004915386264235,79.26421821199675
2014-08-04T20:13:44.180+0530,77.62157174292759,13.00490931351137,78.47510001990688
2014-08-04T20:13:44.766+0530,77.62157174292759,13.00490931351137,79.51233930874068
2014-08-04T20:13:45.710+0530,77.62158214955016,13.004906183369654,78.52803646601328
2014-08-04T20:13:46.262+0530,77.62158217125672,13.004906164339108,79.86351766045975
2014-08-04T20:13:47.208+0530,77.62158217140404,13.004906164172374,78.65986098005405
2014-08-04T20:13:47.812+0530,77.62158217140404,13.004906164172374,77.98080326452805
2014-08-04T20:13:48.772+0530,77.62158217140421,13.00490616417082,77.58443766945584
2014-08-04T20:13:49.273+0530,77.62158217140421,13.004906164170803,79.39693880393719
2014-08-04T20:13:50.249+0530,77.62159011274312,13.004907930748557,78.25257494041392
2014-08-04T20:13:50.775+0530,77.62159011274312,13.004907930748557,76.17755641295182
2014-08-04T20:13:51.762+0530,77.62159630069728,13.004908662852712,77.41468922369845
2014-08-04T20:13:52.264+0530,77.62160779558425,13.004907010168056,74.11167632690974
2014-08-04T20:13:53.240+0530,77.62160781187565,13.00490700312096,77.4747251312397
2014-08-04T20:13:53.763+0530,77.62160781187565,13.00490700312096,72.97192588441331
2014-08-04T20:13:54.732+0530,77.62160781211875,13.004907003078289,81.0157932721824
2014-08-04T20:13:55.255+0530,77.62160874649516,13.004906991244704,73.42805353965808
2014-08-04T20:13:56.232+0530,77.62161737992847,13.00490749095538,74.53652435807564
2014-08-04T20:13:56.793+0530,77.62161737992847,13.00490749095538,80.9064825928144
2014-08-04T20:13:57.756+0530,77.62162548262705,13.004907366483847,75.99712186558193
2014-08-04T20:13:58.263+0530,77.62163915364714,13.004907745028003,62.84779333635029
2014-08-04T20:13:59.535+0530,77.62165005542404,13.004906623093396,76.44223324784815
2014-08-04T20:14:00.064+0530,77.62165005542404,13.004906623093396,74.92484453099678
2014-08-04T20:14:00.999+0530,77.6216688332045,13.004909558326167,78.32038787191631
2014-08-04T20:14:01.554+0530,77.6216688332045,13.004909558326167,83.7729370471403
2014-08-04T20:14:02.612+0530,77.62167784683115,13.004915382376044,78.87608266954456
2014-08-04T20:14:03.056+0530,77.62167787423928,13.00491543813899,74.67747336810095
2014-08-04T20:14:04.038+0530,77.62169322782061,13.004916831035231,74.76102894026619
2014-08-04T20:14:04.588+0530,77.62169322782061,13.004916831035231,80.11770489491923
2014-08-04T20:14:05.520+0530,77.62170691911243,13.004918737153666,78.84104508434146
2014-08-04T20:14:06.093+0530,77.62171747547866,13.004924149545172,70.67738544394948
2014-08-04T20:14:07.006+0530,77.62171747547866,13.004924149545172,83.89581166749832
2014-08-04T20:14:07.592+0530,77.6217305786298,13.004929586403888,81.19299214919494
2014-08-04T20:14:08.526+0530,77.6217436433226,13.004934012302295,78.05695528372351
2014-08-04T20:14:09.059+0530,77.62175424774016,13.004932430156753,73.77935390333263
2014-08-04T20:14:10.035+0530,77.62175424774016,13.004932430156753,76.60423458583472
2014-08-04T20:14:10.598+0530,77.62176288311929,13.00493113114234,80.48146766682245
2014-08-04T20:14:11.549+0530,77.62177179980769,13.004929431899614,79.76725523938129
2014-08-04T20:14:12.101+0530,77.6217800385573,13.004928436827857,80.25634577530607
2014-08-04T20:14:13.068+0530,77.62178943580338,13.004921170162453,79.8413310803435
2014-08-04T20:14:13.621+0530,77.62178943580338,13.004921170162453,77.76825778284199
2014-08-04T20:14:14.577+0530,77.62179989314649,13.004927260074828,78.23784376228308
2014-08-04T20:14:15.098+0530,77.62180598039059,13.00492972909872,74.08044587161373
2014-08-04T20:14:16.073+0530,77.62181050091037,13.004930907924216,79.93485184286408
2014-08-04T20:14:16.581+0530,77.62181050091037,13.004930907924216,82.75044482487412
2014-08-04T20:14:17.543+0530,77.62181611486136,13.00492984188497,76.61204096243651
2014-08-04T20:14:18.069+0530,77.62182161638994,13.004927706768605,78.38580249769431
2014-08-04T20:14:19.041+0530,77.62182161638994,13.004927706768605,76.71667635201601
2014-08-04T20:14:19.544+0530,77.62182090000995,13.004925115794885,78.09049484010308
2014-08-04T20:14:20.522+0530,77.62182370966579,13.004921663105485,80.91844780557125
2014-08-04T20:14:21.069+0530,77.62183017990625,13.004928649732076,82.50653330498687
2014-08-04T20:14:22.028+0530,77.6218357781462,13.004934531517305,80.99556073637473
2014-08-04T20:14:22.592+0530,77.6218357781462,13.004934531517305,74.38868425096615
2014-08-04T20:14:23.522+0530,77.62183575876996,13.004934514046429,72.28251017827525
2014-08-04T20:14:24.106+0530,77.62183575876996,13.004934514046429,75.02998276649191
2014-08-04T20:14:25.045+0530,77.62184196787389,13.00493418469531,78.30170586328333
2014-08-04T20:14:25.590+0530,77.62184196787389,13.00493418469531,69.92738147188214
2014-08-04T20:14:26.534+0530,77.621847070901,13.004931687892112,77.38841163297752
2014-08-04T20:14:27.117+0530,77.621847070901,13.004931687892112,76.81375877039332
2014-08-04T20:14:28.053+0530,77.62185867449742,13.004913497341766,80.66799802005124
2014-08-04T20:14:28.591+0530,77.62185867449742,13.004913497341766,83.27671155079457
2014-08-04T20:14:29.531+0530,77.6218588068785,13.00490536514717,78.94682798373202
2014-08-04T20:14:30.128+0530,77.62185850079595,13.004900211599667,80.35340121597852
2014-08-04T20:14:31.057+0530,77.62185850079595,13.004900211599667,77.1328064011228
2014-08-04T20:14:31.611+0530,77.621858485788,13.00490018977391,72.91317438108513
2014-08-04T20:14:32.558+0530,77.62185848564215,13.004900189576237,79.56755386166887
2014-08-04T20:14:33.102+0530,77.62185848564076,13.004900189573334,77.29031132903256
2014-08-04T20:14:34.042+0530,77.62185848564076,13.004900189573334,77.96192795259375
2014-08-04T20:14:34.579+0530,77.62185848564074,13.004900189573316,74.93631945682264
2014-08-04T20:14:35.554+0530,77.62186178771977,13.004899445321016,78.76445420644944
2014-08-04T20:14:36.072+0530,77.62186905919975,13.004895858695303,81.09518370531042
2014-08-04T20:14:37.054+0530,77.62187581068913,13.004890538594667,73.34468722634723
2014-08-04T20:14:37.566+0530,77.62187581068913,13.004890538594667,77.24389838951456
2014-08-04T20:14:38.540+0530,77.621884629195,13.004887869598315,81.33869030767053
2014-08-04T20:14:39.054+0530,77.62189197221744,13.004886130352586,77.87790326949442
2014-08-04T20:14:40.080+0530,77.62190305283967,13.004881154363241,82.01556719727434
2014-08-04T20:14:40.643+0530,77.62190305283967,13.004881154363241,77.88133334120894
2014-08-04T20:14:41.606+0530,77.62191114861793,13.004876171590578,78.92160473689516
2014-08-04T20:14:42.132+0530,77.6219202174203,13.00487272622141,74.48989389755397
2014-08-04T20:14:43.106+0530,77.62193117328786,13.004869691456348,80.26084225393751
2014-08-04T20:14:43.639+0530,77.62193117328786,13.004869691456348,75.56052750100527
2014-08-04T20:14:44.618+0530,77.62194240614649,13.004864122049106,81.06649914035573
2014-08-04T20:14:45.141+0530,77.62195922316045,13.004857828312291,72.7656957373089
2014-08-04T20:14:46.108+0530,77.62197568911566,13.004853625850957,76.46898937293199
2014-08-04T20:14:46.672+0530,77.62197568911566,13.004853625850957,81.3292473161676
2014-08-04T20:14:47.606+0530,77.62198347109556,13.004857320391615,78.67730121402681
2014-08-04T20:14:48.151+0530,77.62198923738084,13.004857299576342,82.56767422962808
2014-08-04T20:14:49.094+0530,77.62200078431437,13.004852875016052,79.16997194608155
2014-08-04T20:14:49.688+0530,77.62200078431437,13.004852875016052,75.83355149332661
2014-08-04T20:14:50.620+0530,77.62201899413827,13.004848350940534,79.39969597192888
2014-08-04T20:14:51.197+0530,77.62202920027148,13.004842672195812,83.35653248587579
2014-08-04T20:14:52.128+0530,77.62203963826238,13.004837730996679,78.20834145383427
2014-08-04T20:14:52.680+0530,77.62203963826238,13.004837730996679,82.22421997594047
2014-08-04T20:14:53.627+0530,77.62205936106122,13.004830670163212,84.10051660877033
2014-08-04T20:14:54.173+0530,77.6220675221746,13.004826277523247,78.37804775338344
2014-08-04T20:14:55.119+0530,77.62208651259776,13.004811334055974,75.16213540014374
2014-08-04T20:14:55.662+0530,77.62208651259776,13.004811334055974,84.12771357063397
2014-08-04T20:14:56.610+0530,77.62209942019888,13.004802290363715,80.23869128400945
2014-08-04T20:14:57.139+0530,77.62210927298756,13.004791709104019,79.33473023965571
2014-08-04T20:14:58.114+0530,77.62211868065052,13.00477966793628,78.75690053806629
2014-08-04T20:14:58.663+0530,77.62211868065052,13.00477966793628,75.2082457810121
2014-08-04T20:14:59.637+0530,77.6221259574675,13.004772272620778,78.75679886132698
2014-08-04T20:15:00.167+0530,77.6221259574675,13.004772272620778,79.75888452391587
2014-08-04T20:15:01.127+0530,77.62214678587436,13.004769607689404,81.84913093931917
2014-08-04T20:15:01.653+0530,77.62214678587436,13.004769607689404,75.46466538709916
2014-08-04T20:15:02.626+0530,77.62215949252828,13.004768896150809,78.84770196020378
2014-08-04T20:15:03.148+0530,77.62217136100088,13.004764440239189,78.66793907248304
2014-08-04T20:15:04.120+0530,77.62218213627095,13.004759449214319,80.10543389932658
2014-08-04T20:15:04.646+0530,77.62218213627095,13.004759449214319,73.30469527304433
2014-08-04T20:15:05.623+0530,77.62219124884409,13.00475685730799,81.19077333457348
2014-08-04T20:15:06.144+0530,77.62220012030693,13.004755373994321,75.68458362652655
2014-08-04T20:15:07.120+0530,77.62220699766453,13.004755520175447,80.11910193933757
2014-08-04T20:15:07.640+0530,77.62220699766453,13.004755520175447,81.20568283579539
2014-08-04T20:15:08.613+0530,77.62221447695082,13.00475504142654,78.41368005024584
2014-08-04T20:15:09.153+0530,77.62222389214665,13.004752148698447,73.76470200286775
2014-08-04T20:15:10.105+0530,77.62223677015305,13.004747306820581,79.08079654894917
2014-08-04T20:15:10.691+0530,77.62223677015305,13.004747306820581,79.8390725085259
2014-08-04T20:15:11.652+0530,77.62224898698776,13.004741158991568,79.96828247996497
2014-08-04T20:15:12.146+0530,77.62226071112639,13.00473585948211,76.64401401456713
2014-08-04T20:15:13.086+0530,77.62227115279956,13.004729227038714,79.94302892759012
2014-08-04T20:15:13.648+0530,77.62227115279956,13.004729227038714,80.6393181224725
2014-08-04T20:15:14.600+0530,77.62227858373986,13.004723174928733,82.87842503954948
2014-08-04T20:15:15.144+0530,77.6222864199291,13.004715603177623,78.38061222980765
2014-08-04T20:15:16.092+0530,77.62228688490366,13.004714713198574,78.94184223814409
2014-08-04T20:15:16.641+0530,77.62228688490366,13.004714713198574,76.72807199610094
2014-08-04T20:15:17.595+0530,77.62228688490366,13.004714713198574,75.40177672141368
2014-08-04T20:15:18.134+0530,77.62228688490366,13.004714713198574,78.44956323321121
2014-08-04T20:15:19.087+0530,77.62228688490366,13.004714713198574,76.97577435295044
2014-08-04T20:15:19.612+0530,77.62228688490366,13.004714713198574,67.6638641991708
2014-08-04T20:15:20.592+0530,77.62228688490366,13.004714713198574,78.40514111043129
2014-08-04T20:15:21.122+0530,77.62229234796878,13.004712552576597,77.18577228442929
2014-08-04T20:15:22.081+0530,77.62230114560049,13.004710308657819,79.39555440328957
2014-08-04T20:15:22.592+0530,77.62230114560049,13.004710308657819,82.06682916118415
2014-08-04T20:15:23.572+0530,77.62230114560049,13.004710308657819,82.27973742811776
2014-08-04T20:15:24.109+0530,77.62230114560049,13.004710308657819,75.54205695017349
2014-08-04T20:15:25.068+0530,77.6223156242271,13.004706195372375,78.06565322206743
2014-08-04T20:15:25.620+0530,77.6223156242271,13.004706195372375,74.61580127887001
2014-08-04T20:15:26.581+0530,77.62234076775638,13.004694443427375,81.47389431467263
2014-08-04T20:15:27.141+0530,77.62235264909164,13.004689296248085,81.11451590101882
2014-08-04T20:15:28.109+0530,77.62237277919863,13.004710049573378,80.40264950388874
2014-08-04T20:15:28.704+0530,77.62237277919863,13.004710049573378,80.46178995740797
2014-08-04T20:15:29.671+0530,77.62238718405894,13.004734165441297,80.59212521062878
2014-08-04T20:15:30.207+0530,77.62240097274646,13.0047574457132,81.48494706076583
2014-08-04T20:15:31.172+0530,77.62240788833896,13.004771232797268,78.71707104409492
2014-08-04T20:15:31.755+0530,77.62240788833896,13.004771232797268,79.11962903674399
2014-08-04T20:15:32.689+0530,77.62242489967502,13.004781029374762,78.68365039607414
2014-08-04T20:15:33.231+0530,77.62244014718536,13.00478222931499,75.33849773107863
2014-08-04T20:15:34.172+0530,77.62246198626657,13.00478066123662,79.69316759764723
2014-08-04T20:15:34.732+0530,77.62246198626657,13.00478066123662,73.56202117882967
2014-08-04T20:15:35.677+0530,77.62247533627838,13.00477593618544,79.87576454181111
2014-08-04T20:15:36.244+0530,77.62248530292956,13.004771829343166,75.9015533633023
2014-08-04T20:15:37.175+0530,77.62250113728051,13.004771652644775,76.98508657074068
2014-08-04T20:15:37.739+0530,77.62250113728051,13.004771652644775,82.62461352895234
2014-08-04T20:15:38.696+0530,77.62251671602321,13.004771823247228,77.33722055726443
2014-08-04T20:15:39.219+0530,77.62252993073834,13.004770602432002,76.33280794813503
2014-08-04T20:15:40.162+0530,77.62254118156382,13.004770245842282,82.83210310227628
2014-08-04T20:15:40.754+0530,77.62254118156382,13.004770245842282,78.40191112265644
2014-08-04T20:15:41.694+0530,77.62255908511649,13.00477290618309,78.83785550536967
2014-08-04T20:15:42.232+0530,77.62257669842285,13.004778199298334,79.29891967889945
2014-08-04T20:15:43.211+0530,77.62259213928174,13.00478808168368,78.13104345841177
2014-08-04T20:15:43.769+0530,77.62259213928174,13.00478808168368,81.26786437575774
2014-08-04T20:15:44.721+0530,77.62259453039115,13.004790447504465,78.62600377370043
2014-08-04T20:15:45.244+0530,77.62260259158211,13.004793969689867,78.29533355361656
2014-08-04T20:15:46.243+0530,77.6226158158104,13.004790631394677,79.2608888639192
2014-08-04T20:15:46.808+0530,77.6226158158104,13.004790631394677,81.42779318206485
2014-08-04T20:15:47.769+0530,77.62262797281771,13.004786923559767,81.37585059283808
2014-08-04T20:15:48.281+0530,77.62263395543357,13.00478412863983,85.5372099578634
2014-08-04T20:15:49.261+0530,77.62264202162433,13.004780774070266,85.10196267768438
2014-08-04T20:15:49.835+0530,77.62264202162433,13.004780774070266,80.87608822816165
2014-08-04T20:15:50.812+0530,77.62264922624499,13.004779309728702,80.80860296585016
2014-08-04T20:15:51.314+0530,77.62265603576016,13.004778526543626,83.882916073053
2014-08-04T20:15:52.290+0530,77.62266536968816,13.004778218180006,80.17985372941946
2014-08-04T20:15:52.867+0530,77.62266536968816,13.004778218180006,78.44267338401696
2014-08-04T20:15:53.810+0530,77.62267391937776,13.004777367532613,80.14625199104343
2014-08-04T20:15:54.332+0530,77.62268122506444,13.004775513707154,79.49586092299208
2014-08-04T20:15:55.273+0530,77.62268628108716,13.004774278984861,78.77966513837443
2014-08-04T20:15:55.888+0530,77.62268628108716,13.004774278984861,78.37222974676882
2014-08-04T20:15:56.810+0530,77.62269712531689,13.004768036986372,79.72716142738263
2014-08-04T20:15:57.352+0530,77.62270820932613,13.004761625771032,81.340476208047
2014-08-04T20:15:58.295+0530,77.62270822527402,13.004761594353633,79.68351783045249
2014-08-04T20:15:58.868+0530,77.62270822527402,13.004761594353633,73.0551347702598
2014-08-04T20:15:59.818+0530,77.62271743366018,13.004756816074384,76.95894380362158
2014-08-04T20:16:00.342+0530,77.62272680482604,13.004750405583783,77.93774354864377
2014-08-04T20:16:01.331+0530,77.62273426317248,13.00474086318921,79.56975373931566
2014-08-04T20:16:01.901+0530,77.62273426317248,13.00474086318921,78.33669861094552
2014-08-04T20:16:02.943+0530,77.62273298461783,13.00473719429789,78.92342073367992
2014-08-04T20:16:03.901+0530,77.62273895418689,13.004731831705449,82.51769971513087
2014-08-04T20:16:04.426+0530,77.62274474250219,13.004724402450414,72.87833394612683
2014-08-04T20:16:05.416+0530,77.62275335880783,13.004720464847315,78.44575343511984
2014-08-04T20:16:06.058+0530,77.62275335880783,13.004720464847315,78.57731633499756
2014-08-04T20:16:06.964+0530,77.62275996761173,13.004715532831153,78.02996354822419
2014-08-04T20:16:07.512+0530,77.62276297498751,13.004709167124943,78.34847119352023
2014-08-04T20:16:08.452+0530,77.62277429157163,13.004709235812125,78.22860478302125
2014-08-04T20:16:09.026+0530,77.62277429157163,13.004709235812125,79.15909701411881
2014-08-04T20:16:10.003+0530,77.62278708839392,13.004710770217741,79.83345554306737
2014-08-04T20:16:10.520+0530,77.62279455969627,13.0047094551657,77.35996567705072
2014-08-04T20:16:11.471+0530,77.62280294622985,13.004707963491828,80.05835931830069
2014-08-04T20:16:12.026+0530,77.6228113051415,13.004703614280551,79.54780546924523
2014-08-04T20:16:12.984+0530,77.6228113051415,13.004703614280551,81.34746992335404
2014-08-04T20:16:13.511+0530,77.62281131628959,13.00470355743785,80.91642508255447
2014-08-04T20:16:14.462+0530,77.62281960610254,13.004700601650647,77.84140643788938
2014-08-04T20:16:14.994+0530,77.62283516652454,13.004701621192059,82.50988264761241
2014-08-04T20:16:15.992+0530,77.62283516652454,13.004701621192059,79.42763834384604
2014-08-04T20:16:16.930+0530,77.62284747053424,13.004698069926416,80.23829514803688
2014-08-04T20:16:17.446+0530,77.62285585779013,13.004693419792863,73.10540586547896
2014-08-04T20:16:18.021+0530,77.62285585779013,13.004693419792863,74.44091787147568
2014-08-04T20:16:19.029+0530,77.62286814600303,13.004682096868622,78.27923955282122
2014-08-04T20:16:19.515+0530,77.62286814110101,13.004682024123932,78.88349427233983
2014-08-04T20:16:20.489+0530,77.62287189450008,13.004676651942495,79.37042161382703
2014-08-04T20:16:21.045+0530,77.62287998456804,13.004664858964706,81.02726939159712
2014-08-04T20:16:21.998+0530,77.62287998456804,13.004664858964706,79.81262023814189
2014-08-04T20:16:22.515+0530,77.62288718463277,13.004649148608278,78.26293881317365
2014-08-04T20:16:23.499+0530,77.6228961294651,13.00463666315345,80.17168069807295
2014-08-04T20:16:24.097+0530,77.6228961294651,13.00463666315345,77.19618729718181
2014-08-04T20:16:25.021+0530,77.62290478979446,13.004626979192368,82.16575469577461
2014-08-04T20:16:25.526+0530,77.62291673138178,13.00461636173708,80.3657220557486
2014-08-04T20:16:26.492+0530,77.62292779780036,13.004604876231836,80.23962636324077
2014-08-04T20:16:27.070+0530,77.62292779780036,13.004604876231836,81.17360725603291
2014-08-04T20:16:28.018+0530,77.62294566219494,13.004587542650762,80.86723730997147
2014-08-04T20:16:28.543+0530,77.62294566219494,13.004587542650762,76.12868797054685
2014-08-04T20:16:29.486+0530,77.62295304486913,13.00457943619379,79.2564991893594
2014-08-04T20:16:30.070+0530,77.62295304486913,13.00457943619379,87.0129077716093
2014-08-04T20:16:31.045+0530,77.62296455191618,13.004573793082821,81.18271154308665
2014-08-04T20:16:31.547+0530,77.62297298508504,13.004567670321356,79.90782153174315
2014-08-04T20:16:32.484+0530,77.6229847066687,13.004562960400428,81.91889520706272
2014-08-04T20:16:33.105+0530,77.6229847066687,13.004562960400428,78.64980403522496
2014-08-04T20:16:34.042+0530,77.62299600327466,13.00455829864381,81.03143523434674
2014-08-04T20:16:34.543+0530,77.62301353314129,13.00454704665349,81.33739850772201
2014-08-04T20:16:35.484+0530,77.62302324374352,13.004541739015576,78.79612063581914
2014-08-04T20:16:36.063+0530,77.62302324374352,13.004541739015576,80.01891020327642
2014-08-04T20:16:37.018+0530,77.62304710214372,13.00453913357163,79.59747061181686
2014-08-04T20:16:37.999+0530,77.62304710214372,13.00453913357163,82.57045066532338
2014-08-04T20:16:38.515+0530,77.62305554033499,13.004539385224138,80.1718445768401
2014-08-04T20:16:39.486+0530,77.62306351474086,13.004541190522731,82.40528978583077
2014-08-04T20:16:40.028+0530,77.62306351474086,13.004541190522731,83.52785439183313
2014-08-04T20:16:40.993+0530,77.62306735332841,13.004545903323532,85.71751065358214
2014-08-04T20:16:41.514+0530,77.62307013051051,13.00454801999194,80.62638649045581
2014-08-04T20:16:42.454+0530,77.62307253405056,13.00455546405358,81.89601500343099
2014-08-04T20:16:43.081+0530,77.62307253405056,13.00455546405358,82.05173565966933
2014-08-04T20:16:44.003+0530,77.62307729430442,13.004571016479677,81.55176513455442
2014-08-04T20:16:44.513+0530,77.62307729430442,13.004571016479677,79.73611842389789
2014-08-04T20:16:45.468+0530,77.6230803700687,13.004580363300631,79.71073230912071
2014-08-04T20:16:46.054+0530,77.6230803700687,13.004580363300631,76.46761502596742
2014-08-04T20:16:47.002+0530,77.62308368157018,13.004588364847622,80.42860586071185
2014-08-04T20:16:47.527+0530,77.62308795859465,13.00459535283531,80.11484706052707
2014-08-04T20:16:48.476+0530,77.62309161000069,13.00460025446239,78.16663895869712
2014-08-04T20:16:49.037+0530,77.62309161000069,13.00460025446239,76.78698775496214
2014-08-04T20:16:50.003+0530,77.62309510408848,13.004609298657963,77.124242057091
2014-08-04T20:16:50.512+0530,77.62310342663004,13.004615311181482,78.8033898300614
2014-08-04T20:16:51.490+0530,77.62310844900672,13.004623885696327,79.8379037852484
2014-08-04T20:16:52.031+0530,77.62310844900672,13.004623885696327,78.77173270608787
2014-08-04T20:16:53.006+0530,77.62311560745079,13.004639435919135,81.66927189417066
2014-08-04T20:16:53.572+0530,77.62311560745079,13.004639435919135,76.53600056474662
2014-08-04T20:16:54.533+0530,77.62311557162548,13.004648558836928,79.83385418975526
2014-08-04T20:16:55.058+0530,77.62311557162548,13.004648558836928,81.29732441841654
2014-08-04T20:16:56.023+0530,77.62312518483576,13.004661826088155,81.00134759003389
2014-08-04T20:16:56.582+0530,77.62312518483576,13.004661826088155,81.62667835006408
2014-08-04T20:16:57.532+0530,77.62312798177543,13.004668167344173,78.29251056665548
2014-08-04T20:16:58.044+0530,77.62312798177543,13.004668167344173,73.0401490355501
2014-08-04T20:16:59.036+0530,77.62313040938756,13.004681786846486,80.26699103890229
2014-08-04T20:16:59.539+0530,77.6231305553979,13.004692060465624,77.37845702556575
2014-08-04T20:17:00.512+0530,77.62313113842328,13.004703314827083,85.21863208506784
2014-08-04T20:17:01.035+0530,77.62313049340072,13.00471537685636,77.94807862443832
2014-08-04T20:17:02.013+0530,77.62313049340072,13.00471537685636,77.89021562818348
2014-08-04T20:17:02.535+0530,77.62313232941584,13.004728679657697,72.66724023922326
2014-08-04T20:17:03.481+0530,77.62314109223571,13.00473813658311,79.80680900993474
2014-08-04T20:17:04.045+0530,77.62314615011657,13.004748453045954,76.68722457747288
2014-08-04T20:17:04.988+0530,77.62315100378228,13.004760688812956,79.5159787567646
2014-08-04T20:17:05.576+0530,77.62315100378228,13.004760688812956,81.77548275563608
2014-08-04T20:17:06.500+0530,77.62315470727533,13.00477077943617,79.15293226943471
2014-08-04T20:17:07.081+0530,77.62315470727533,13.00477077943617,75.77418794246097
2014-08-04T20:17:08.015+0530,77.62315844354036,13.004792803393741,78.49895841419576
2014-08-04T20:17:08.598+0530,77.62315844354036,13.004792803393741,74.8281868583585
2014-08-04T20:17:09.534+0530,77.62315941722736,13.004803522928158,80.66975487155933
2014-08-04T20:17:10.105+0530,77.62315941722736,13.004803522928158,82.66776235747639
2014-08-04T20:17:11.038+0530,77.62317071446152,13.004822162619961,86.38180919984417
2014-08-04T20:17:11.626+0530,77.62317071446152,13.004822162619961,79.30701695534015
2014-08-04T20:17:12.556+0530,77.62317173748538,13.004831271695947,80.68553467876913
2014-08-04T20:17:13.118+0530,77.62317254138888,13.004839466665386,78.27413031569378
2014-08-04T20:17:14.107+0530,77.62317243354249,13.004844954924371,85.13203590851509
2014-08-04T20:17:14.604+0530,77.62317243354249,13.004844954924371,82.55036111757676
2014-08-04T20:17:15.571+0530,77.62317226075065,13.004849346932302,80.21096553982107
2014-08-04T20:17:16.102+0530,77.62317112888462,13.004857268297439,83.05939406380693
2014-08-04T20:17:17.062+0530,77.62317112888462,13.004857268297439,81.00732992142613
2014-08-04T20:17:17.570+0530,77.62317297052736,13.004862226458021,76.90906349212183
2014-08-04T20:17:18.538+0530,77.62317515861055,13.004866646027414,79.35959149933748
2014-08-04T20:17:19.078+0530,77.62317515861055,13.004866646027414,78.07271772510614
2014-08-04T20:17:20.051+0530,77.62318099794072,13.004882905560521,86.97103778430048
2014-08-04T20:17:20.659+0530,77.62318099794072,13.004882905560521,82.33343564308089
2014-08-04T20:17:21.588+0530,77.62318217663046,13.004893282334812,80.774976394188
2014-08-04T20:17:22.121+0530,77.62318013426199,13.004903945345536,77.13794747092535
2014-08-04T20:17:23.093+0530,77.62317806474985,13.004912741974282,82.64270865323167
2014-08-04T20:17:23.786+0530,77.62317806474985,13.004912741974282,84.33814641188899
2014-08-04T20:17:24.762+0530,77.62318369614826,13.004919229161983,81.10195776209079
2014-08-04T20:17:25.265+0530,77.62318860475206,13.004924158135031,82.83292938380806
2014-08-04T20:17:25.944+0530,77.62318860475206,13.004924158135031,80.68809208069213
2014-08-04T20:17:26.922+0530,77.6231924346559,13.00492914574839,84.18139716623814
2014-08-04T20:17:27.430+0530,77.62319639534361,13.004933273440399,80.18184275541324
2014-08-04T20:17:28.423+0530,77.62320010666505,13.00493796851828,80.64881554765233
2014-08-04T20:17:29.015+0530,77.62320010666505,13.00493796851828,77.59335407901823
2014-08-04T20:17:30.023+0530,77.62320530837047,13.004939994216137,80.77270227912655
2014-08-04T20:17:30.514+0530,77.6232088004791,13.004942209494047,80.42066716601276
2014-08-04T20:17:31.486+0530,77.62321127428514,13.004946075400783,83.84370934522589
2014-08-04T20:17:32.009+0530,77.62321127428514,13.004946075400783,82.36305832955334
2014-08-04T20:17:32.988+0530,77.62321358216938,13.004946109239826,82.15997297309445
2014-08-04T20:17:33.496+0530,77.62321682403221,13.004948355965265,81.02214764143369
2014-08-04T20:17:34.466+0530,77.62322045281367,13.004949253318989,85.54276642848447
2014-08-04T20:17:34.988+0530,77.62322045281367,13.004949253318989,84.51226424954343
2014-08-04T20:17:35.967+0530,77.62322431753327,13.004952062097747,86.67582887887863
2014-08-04T20:17:36.967+0530,77.62322970626873,13.00495498298407,89.66087382600202
2014-08-04T20:17:37.534+0530,77.62323424430194,13.004957426426301,88.94835647203149
2014-08-04T20:17:38.493+0530,77.62324070992734,13.004959047263382,91.94413299208259
2014-08-04T20:17:39.052+0530,77.62324070992734,13.004959047263382,90.15806248348127
2014-08-04T20:17:40.007+0530,77.62324952934206,13.0049620341068,85.34117309340381
2014-08-04T20:17:40.530+0530,77.62324952934206,13.0049620341068,83.87494031528283
2014-08-04T20:17:41.515+0530,77.62325355845658,13.00496413733114,83.44632923561807
2014-08-04T20:17:42.051+0530,77.62325355845658,13.00496413733114,78.98571851398209
2014-08-04T20:17:43.029+0530,77.62326755562908,13.004969532732492,80.20174769080162
2014-08-04T20:17:43.550+0530,77.62326755562908,13.004969532732492,79.08301221351944
2014-08-04T20:17:44.523+0530,77.62327360396816,13.004973722482298,78.95896863337693
2014-08-04T20:17:45.051+0530,77.62327891960659,13.004980332788866,78.1609521106237
2014-08-04T20:17:46.056+0530,77.62327891960659,13.004980332788866,82.76730117502208
2014-08-04T20:17:46.582+0530,77.62328322347432,13.0049875635997,74.02946961235256
2014-08-04T20:17:47.544+0530,77.62328970669209,13.004995013287758,79.8529406552663
2014-08-04T20:17:48.078+0530,77.623295338858,13.0050005145972,77.30467158584467
2014-08-04T20:17:49.005+0530,77.62329897361934,13.005008386216122,80.3948565904038
2014-08-04T20:17:49.589+0530,77.62329897361934,13.005008386216122,76.99311625379893
2014-08-04T20:17:50.525+0530,77.62330150984741,13.005017813796032,76.2333563591702
2014-08-04T20:17:51.091+0530,77.6233038545942,13.005022556000515,78.50260058684694
2014-08-04T20:17:52.109+0530,77.6233038545942,13.005022556000515,78.54421501416019
2014-08-04T20:17:53.077+0530,77.62331285940756,13.005029723292559,80.05116638371885
2014-08-04T20:17:53.590+0530,77.62331285940756,13.005029723292559,83.20208295941055
2014-08-04T20:17:54.571+0530,77.62331507459683,13.005032102456877,80.45517590935191
2014-08-04T20:17:55.086+0530,77.62331772246192,13.005041230219204,81.72898577413736
2014-08-04T20:17:56.067+0530,77.6233195144315,13.005044714442908,80.60721538191298
2014-08-04T20:17:56.612+0530,77.6233195144315,13.005044714442908,77.1954517167965
2014-08-04T20:17:57.576+0530,77.62332146497906,13.005050420063112,81.00051962766344
2014-08-04T20:17:58.099+0530,77.62332146497906,13.005050420063112,78.5191906283694
2014-08-04T20:17:59.058+0530,77.6233227952997,13.005057290110152,78.79625266292527
2014-08-04T20:17:59.622+0530,77.6233227952997,13.005057290110152,78.73042154662704
2014-08-04T20:18:00.546+0530,77.6233271619598,13.005066594565013,80.74178451188423
2014-08-04T20:18:01.105+0530,77.62333557319174,13.005075518134337,73.55027936179917
2014-08-04T20:18:02.056+0530,77.62333557319174,13.005075518134337,82.18115564915479
2014-08-04T20:18:02.636+0530,77.62334136989723,13.005077809494356,81.70582439652519
2014-08-04T20:18:03.669+0530,77.62334633638231,13.005082845936352,80.64287816579733
2014-08-04T20:18:04.119+0530,77.62335101188151,13.005092903928476,78.0710883834883
2014-08-04T20:18:05.058+0530,77.62335101188151,13.005092903928476,79.47997963137776
2014-08-04T20:18:05.615+0530,77.62335570273983,13.005103530175157,77.23344285624871
2014-08-04T20:18:06.563+0530,77.62336083276013,13.00511235748083,82.72074111060275
2014-08-04T20:18:07.114+0530,77.62336858786603,13.005121116589116,83.84091634325799
2014-08-04T20:18:08.053+0530,77.62336858786603,13.005121116589116,80.02382385684764
2014-08-04T20:18:08.606+0530,77.6233744405203,13.005125841040309,80.92794061997924
2014-08-04T20:18:09.557+0530,77.6233776306501,13.005127455280206,81.31581587138135
2014-08-04T20:18:10.107+0530,77.62337974060051,13.005126926817995,78.35357413647309
2014-08-04T20:18:11.065+0530,77.62337768020437,13.005128996312038,84.00947931743153
2014-08-04T20:18:12.087+0530,77.62337504286737,13.005139163077407,80.16683799595178
2014-08-04T20:18:12.658+0530,77.62337504286737,13.005139163077407,80.29425100562328
2014-08-04T20:18:13.584+0530,77.62337162892011,13.005149973548107,81.43399303131616
2014-08-04T20:18:14.179+0530,77.62337162892011,13.005149973548107,74.39997296494451
2014-08-04T20:18:15.130+0530,77.62336891341782,13.00515870515625,79.78467984088584
2014-08-04T20:18:15.660+0530,77.6233042,13.0051918,81.16856246297179
2014-08-04T20:18:16.620+0530,77.6233042,13.0051918,84.36224481810984
2014-08-04T20:18:17.163+0530,77.6233042,13.0051918,84.17697475339875
2014-08-04T20:18:18.146+0530,77.6233042,13.0051918,83.7476812890342
2014-08-04T20:18:18.655+0530,77.6233042,13.0051918,80.73252928863397
2014-08-04T20:18:19.602+0530,77.6233042,13.0051918,82.56472640749477
2014-08-04T20:18:20.158+0530,77.6233042,13.0051918,84.34606810836684
2014-08-04T20:18:21.100+0530,77.62337002147095,13.005180559577685,80.1793154475071
2014-08-04T20:18:21.694+0530,77.62337002147095,13.005180559577685,88.91712143078453
2014-08-04T20:18:22.648+0530,77.62336746271163,13.005188002054297,83.87893741028222
2014-08-04T20:18:23.176+0530,77.62336185788286,13.005202187533026,79.4226326820917
2014-08-04T20:18:24.142+0530,77.62340142106603,13.005267699351654,81.77498879832231
2014-08-04T20:18:24.703+0530,77.62340142106603,13.005267699351654,72.38219106674106
2014-08-04T20:18:25.677+0530,77.6234262492161,13.005304392684353,74.1585994075528
2014-08-04T20:18:26.185+0530,77.62344768243791,13.005327645905304,79.47085835180903
2014-08-04T20:18:27.171+0530,77.62346432336629,13.005350897846629,83.1607797005691
2014-08-04T20:18:27.718+0530,77.62346432336629,13.005350897846629,78.75427551576306
2014-08-04T20:18:28.685+0530,77.62347694528067,13.005368968333899,86.69501939339746
2014-08-04T20:18:29.199+0530,77.62348860127597,13.00538701259373,84.88748720327504
2014-08-04T20:18:30.178+0530,77.62349848838974,13.005401094510814,78.18860758558358
2014-08-04T20:18:30.763+0530,77.62349848838974,13.005401094510814,72.19762997864248
2014-08-04T20:18:31.694+0530,77.62350545282092,13.00541286855402,77.84777963239151
2014-08-04T20:18:32.203+0530,77.62350971400234,13.005425741036476,91.02870613520506
2014-08-04T20:18:33.179+0530,77.62351095658754,13.005436770732786,86.08586215490296
2014-08-04T20:18:33.689+0530,77.62351095658754,13.005436770732786,80.7057240687081
2014-08-04T20:18:34.203+0530,77.6235140385159,13.005448053416139,73.66742091331007
